job,metric,prow_job,phase,n_builds,p50_med_ms,p50_min_ms,p50_max_ms,p90_med_ms,p90_min_ms,p90_max_ms,p99_med_ms,p99_min_ms,p99_max_ms
gce-5000Nodes,LoadStatelessPodStartup,ci-kubernetes-e2e-gce-scale-performance-5000,schedule_to_run,20,840,797,892,993,902,1096,1450,1054,2055
gce-5000Nodes,LoadStatelessPodStartup,ci-kubernetes-e2e-gce-scale-performance-5000,pod_startup,20,847,803,900,1001,910,1103,1455,1060,2063
gce-5000Nodes,LoadStatelessPodStartup,ci-kubernetes-e2e-gce-scale-performance-5000,create_to_schedule,20,6,5,7,8,6,10,26,11,42
gce-5000Nodes,LoadHighThroughputStatelessPodStartup,ci-kubernetes-e2e-gce-scale-performance-5000,schedule_to_run,20,830,781,1032,1109,892,2308,2384,1183,3768
gce-5000Nodes,LoadHighThroughputStatelessPodStartup,ci-kubernetes-e2e-gce-scale-performance-5000,pod_startup,20,20902,1909,21862,36896,2866,36969,40470,3350,40566
gce-5000Nodes,LoadHighThroughputStatelessPodStartup,ci-kubernetes-e2e-gce-scale-performance-5000,create_to_schedule,20,19986,1013,20061,35977,2061,35995,39592,2093,39602
gce-5000Nodes,LoadCreatePhaseStatelessPodStartup,ci-kubernetes-e2e-gce-scale-performance-5000,schedule_to_run,20,11533,5362,175565,82247,10189,735970,256653,50980,1246038
gce-5000Nodes,LoadCreatePhaseStatelessPodStartup,ci-kubernetes-e2e-gce-scale-performance-5000,pod_startup,20,612952,87093,837748,1110510,317585,1620188,1217110,571015,1959980
gce-5000Nodes,LoadCreatePhaseStatelessPodStartup,ci-kubernetes-e2e-gce-scale-performance-5000,create_to_schedule,20,606080,179,613936,1097987,42777,1104994,1200923,44886,1210418
aws-5000Nodes,LoadStatelessPodStartup,ci-kubernetes-e2e-kops-aws-scale-amazonvpc-using-cl2,schedule_to_run,20,787,778,962,844,826,3320,964,889,4909
aws-5000Nodes,LoadStatelessPodStartup,ci-kubernetes-e2e-kops-aws-scale-amazonvpc-using-cl2,pod_startup,20,795,787,970,853,833,3327,975,905,4915
aws-5000Nodes,LoadStatelessPodStartup,ci-kubernetes-e2e-kops-aws-scale-amazonvpc-using-cl2,create_to_schedule,20,8,7,8,9,8,10,25,19,31
aws-5000Nodes,LoadHighThroughputStatelessPodStartup,ci-kubernetes-e2e-kops-aws-scale-amazonvpc-using-cl2,schedule_to_run,20,763,753,916,829,814,2489,1167,921,4365
aws-5000Nodes,LoadHighThroughputStatelessPodStartup,ci-kubernetes-e2e-kops-aws-scale-amazonvpc-using-cl2,pod_startup,20,20736,2222,20822,36756,5977,36815,40340,6325,40417
aws-5000Nodes,LoadHighThroughputStatelessPodStartup,ci-kubernetes-e2e-kops-aws-scale-amazonvpc-using-cl2,create_to_schedule,20,19983,1454,20044,35974,5108,36035,39595,5422,39637
aws-5000Nodes,LoadCreatePhaseStatelessPodStartup,ci-kubernetes-e2e-kops-aws-scale-amazonvpc-using-cl2,schedule_to_run,20,989,855,193655,2331,1354,783792,129788,2999,1325892
aws-5000Nodes,LoadCreatePhaseStatelessPodStartup,ci-kubernetes-e2e-kops-aws-scale-amazonvpc-using-cl2,pod_startup,20,566728,29212,572073,1083854,181180,1085673,1194956,325599,1346882
aws-5000Nodes,LoadCreatePhaseStatelessPodStartup,ci-kubernetes-e2e-kops-aws-scale-amazonvpc-using-cl2,create_to_schedule,20,565871,700,571190,1082610,38783,1084531,1192524,40145,1195421
gce-100Nodes-master,LoadStatelessPodStartup,ci-kubernetes-e2e-gce-scale-performance-100,schedule_to_run,20,775,760,828,873,827,915,989,917,1651
gce-100Nodes-master,LoadStatelessPodStartup,ci-kubernetes-e2e-gce-scale-performance-100,pod_startup,20,780,764,832,877,830,920,994,921,1655
gce-100Nodes-master,LoadStatelessPodStartup,ci-kubernetes-e2e-gce-scale-performance-100,create_to_schedule,20,4,4,4,5,5,6,7,6,10
gce-100Nodes-master,LoadHighThroughputStatelessPodStartup,ci-kubernetes-e2e-gce-scale-performance-100,schedule_to_run,20,770,756,837,925,868,988,1127,1020,1981
gce-100Nodes-master,LoadHighThroughputStatelessPodStartup,ci-kubernetes-e2e-gce-scale-performance-100,pod_startup,20,4657,4595,4737,7930,7893,7995,8651,8627,8705
gce-100Nodes-master,LoadHighThroughputStatelessPodStartup,ci-kubernetes-e2e-gce-scale-performance-100,create_to_schedule,20,3902,3850,3924,7151,7144,7157,7872,7865,7891
gce-100Nodes-master,LoadCreatePhaseStatelessPodStartup,ci-kubernetes-e2e-gce-scale-performance-100,schedule_to_run,20,923,888,1031,1823,1698,2024,5312,2955,5833
gce-100Nodes-master,LoadCreatePhaseStatelessPodStartup,ci-kubernetes-e2e-gce-scale-performance-100,pod_startup,20,5889,5528,6334,11097,10944,11410,12134,11859,12568
gce-100Nodes-master,LoadCreatePhaseStatelessPodStartup,ci-kubernetes-e2e-gce-scale-performance-100,create_to_schedule,20,4819,4383,5348,10074,9963,10336,10920,10868,11244
aws-100Nodes,LoadStatelessPodStartup,ci-kubernetes-e2e-kops-aws-small-scale-amazonvpc-using-cl2,schedule_to_run,20,801,781,820,880,848,916,1016,939,1219
aws-100Nodes,LoadStatelessPodStartup,ci-kubernetes-e2e-kops-aws-small-scale-amazonvpc-using-cl2,pod_startup,20,804,785,824,884,851,919,1019,942,1223
aws-100Nodes,LoadStatelessPodStartup,ci-kubernetes-e2e-kops-aws-small-scale-amazonvpc-using-cl2,create_to_schedule,20,3,3,4,4,4,4,6,4,7
aws-100Nodes,LoadHighThroughputStatelessPodStartup,ci-kubernetes-e2e-kops-aws-small-scale-amazonvpc-using-cl2,schedule_to_run,20,772,755,794,889,852,922,1056,990,1595
aws-100Nodes,LoadHighThroughputStatelessPodStartup,ci-kubernetes-e2e-kops-aws-small-scale-amazonvpc-using-cl2,pod_startup,20,4706,4648,4747,7938,7906,7967,8662,8640,8715
aws-100Nodes,LoadHighThroughputStatelessPodStartup,ci-kubernetes-e2e-kops-aws-small-scale-amazonvpc-using-cl2,create_to_schedule,20,3937,3891,3949,7151,7145,7155,7871,7870,7874
aws-100Nodes,LoadCreatePhaseStatelessPodStartup,ci-kubernetes-e2e-kops-aws-small-scale-amazonvpc-using-cl2,schedule_to_run,20,939,906,966,1401,1302,1542,2262,2030,2607
aws-100Nodes,LoadCreatePhaseStatelessPodStartup,ci-kubernetes-e2e-kops-aws-small-scale-amazonvpc-using-cl2,pod_startup,20,5356,4921,5719,10786,10759,10892,11854,11778,11924
aws-100Nodes,LoadCreatePhaseStatelessPodStartup,ci-kubernetes-e2e-kops-aws-small-scale-amazonvpc-using-cl2,create_to_schedule,20,4472,4036,4700,9853,9792,9890,10812,10755,10823
